"SubjectID.fMRI","Subject_ID"
"NENAH002_1","NENAH002_1"
"NENAH004_1","NENAH004_1"
"NENAH005_1","NENAH005_1"
"NENAH007_1","NENAH007_1"
"NENAH007_2","NENAH007_2"
"NENAH010_1","NENAH010_1"
"NENAH011_1","NENAH011_1"
"NENAH011_2","NENAH011_2"
"NENAH012_1","NENAH012_1"
"NENAH014_1","NENAH014_1"
"NENAH015_1","NENAH015_1"
"NENAH015_2","NENAH015_2"
"NENAH016_1","NENAH016_1"
"NENAH021_1","NENAH021_1"
"NENAH022_1","NENAH022_1"
"NENAH024_1","NENAH024_1"
"NENAH024_2","NENAH024_2"
"NENAH027_1","NENAH027_1"
"NENAH027_2","NENAH027_2"
"NENAH029_1","NENAH029_1"
"NENAH031_1","NENAH031_1"
"NENAH031_2","NENAH031_2"
"NENAH032_1","NENAH032_1"
"NENAH033_1","NENAH033_1"
"NENAH033_2","NENAH033_2"
"NENAH036_1","NENAH036_1"
"NENAH036_2","NENAH036_2"
"NENAH037_1","NENAH037_1"
"NENAH038_1","NENAH038_1"
"NENAH039_1","NENAH039_1"
"NENAH042_1","NENAH042_1"
"NENAH043_1","NENAH043_1"
"NENAH043_2","NENAH043_2"
"NENAH045_1","NENAH045_1"
"NENAH045_2","NENAH045_2"
"NENAH048_1","NENAH048_1"
"NENAH048_2","NENAH048_2"
"NENAHC001_1","NENAHC001_1"
"NENAHC001_2","NENAHC001_2"
"NENAHC002_1","NENAHC002_1"
"NENAHC003_1","NENAHC003_1"
"NENAHC004_1","NENAHC004_1"
"NENAHC004_2","NENAHC004_2"
"NENAHC005_1","NENAHC005_1"
"NENAHC005_2","NENAHC005_2"
"NENAHC006_1","NENAHC006_1"
"NENAHC007_1","NENAHC007_1"
"NENAHC008_1","NENAHC008_1"
"NENAHC008_2","NENAHC008_2"
"NENAHC009_1","NENAHC009_1"
"NENAHC009_2","NENAHC009_2"
"NENAHC010_1","NENAHC010_1"
"NENAHC011_1","NENAHC011_1"
"NENAHC011_2","NENAHC011_2"
"NENAHC012_1","NENAHC012_1"
"NENAHC012_2","NENAHC012_2"
"NENAHC013_1","NENAHC013_1"
"NENAHC014_1","NENAHC014_1"
"NENAHC014_2","NENAHC014_2"
"NENAHC015_1","NENAHC015_1"
"NENAHC015_2","NENAHC015_2"
"NENAHC016_1","NENAHC016_1"
"NENAHC016_2","NENAHC016_2"
"NENAHC017_1","NENAHC017_1"
"NENAHC018_1","NENAHC018_1"
"NENAHC020_1","NENAHC020_1"
"NENAHC021_1","NENAHC021_1"
"NENAHC022_1","NENAHC022_1"
"NENAHC022_2","NENAHC022_2"
"NENAHC023_1","NENAHC023_1"
"NENAHC024_1","NENAHC024_1"
"NENAHC024_2","NENAHC024_2"
"NENAHC025_1","NENAHC025_1"
"NENAHC026_1","NENAHC026_1"
"NENAHC026_2","NENAHC026_2"
"NENAHC029_1","NENAHC029_1"
"NENAHC029_2","NENAHC029_2"
"NENAHC030_1","NENAHC030_1"
"NENAHC030_2","NENAHC030_2"
"NENAHC032_1","NENAHC032_1"
"NENAHC032_2","NENAHC032_2"
"NENAHC034_1","NENAHC034_1"
